1,Marvelous Gobstoppers,Striking Tigers
1,Exceptional Squad,Impressive Athletes
1,Divine Renegades,Profound Breakers
1,Glorious Crocodiles,Exceptional Rockers
1,Shocking Athletes,Entrancing Debuggers
1,Polished Tornadoes,Impeccable Warriors
1,Captivating Bears,Delightful Tornadoes
1,Enchanting Elephants,Wonderful Penguins
1,Exemplary Spinners,Striking Bears
2,Marvelous Gobstoppers,Shocking Athletes
2,Profound Breakers,Impressive Athletes
2,Exceptional Squad,Exceptional Rockers
2,Divine Renegades,Exemplary Spinners
2,Glorious Crocodiles,Polished Tornadoes
2,Captivating Bears,Striking Tigers
2,Delightful Tornadoes,Wonderful Penguins
2,Striking Bears,Entrancing Debuggers
2,Impeccable Warriors,Enchanting Elephants
3,Profound Breakers,Striking Bears
3,Exceptional Squad,Glorious Crocodiles
3,Divine Renegades,Delightful Tornadoes
3,Entrancing Debuggers,Wonderful Penguins
3,Enchanting Elephants,Impressive Athletes
3,Exceptional Rockers,Polished Tornadoes
3,Impeccable Warriors,Shocking Athletes
3,Striking Tigers,Exemplary Spinners
3,Marvelous Gobstoppers,Captivating Bears
4,Profound Breakers,Exemplary Spinners
4,Exceptional Squad,Striking Tigers
4,Divine Renegades,Enchanting Elephants
4,Glorious Crocodiles,Shocking Athletes
4,Entrancing Debuggers,Impressive Athletes
4,Exceptional Rockers,Marvelous Gobstoppers
4,Striking Bears,Captivating Bears
4,Polished Tornadoes,Wonderful Penguins
4,Impeccable Warriors,Delightful Tornadoes
5,Exemplary Spinners,Exceptional Rockers
5,Divine Renegades,Impeccable Warriors
5,Entrancing Debuggers,Exceptional Squad
5,Captivating Bears,Enchanting Elephants
5,Impressive Athletes,Shocking Athletes
5,Glorious Crocodiles,Wonderful Penguins
5,Profound Breakers,Delightful Tornadoes
5,Polished Tornadoes,Striking Tigers
5,Striking Bears,Marvelous Gobstoppers
6,Exemplary Spinners,Marvelous Gobstoppers
6,Exceptional Squad,Impeccable Warriors
6,Captivating Bears,Impressive Athletes
6,Entrancing Debuggers,Profound Breakers
6,Polished Tornadoes,Glorious Crocodiles
6,Striking Bears,Striking Tigers
6,Wonderful Penguins,Shocking Athletes
6,Delightful Tornadoes,Enchanting Elephants
6,Exceptional Rockers,Divine Renegades
7,Delightful Tornadoes,Divine Renegades
7,Wonderful Penguins,Impressive Athletes
7,Entrancing Debuggers,Impeccable Warriors
7,Striking Tigers,Profound Breakers
7,Exceptional Squad,Enchanting Elephants
7,Shocking Athletes,Marvelous Gobstoppers
7,Exceptional Rockers,Striking Bears
7,Exemplary Spinners,Glorious Crocodiles
7,Polished Tornadoes,Captivating Bears
8,Impeccable Warriors,Exceptional Squad
8,Captivating Bears,Polished Tornadoes
8,Profound Breakers,Exceptional Rockers
8,Striking Bears,Glorious Crocodiles
8,Marvelous Gobstoppers,Wonderful Penguins
8,Divine Renegades,Shocking Athletes
8,Striking Tigers,Entrancing Debuggers
8,Exemplary Spinners,Delightful Tornadoes
8,Enchanting Elephants,Impressive Athletes
9,Impeccable Warriors,Profound Breakers
9,Shocking Athletes,Divine Renegades
9,Exceptional Squad,Delightful Tornadoes
9,Polished Tornadoes,Marvelous Gobstoppers
9,Wonderful Penguins,Entrancing Debuggers
9,Glorious Crocodiles,Striking Tigers
9,Captivating Bears,Exemplary Spinners
9,Exceptional Rockers,Impressive Athletes
9,Striking Bears,Enchanting Elephants
10,Shocking Athletes,Exceptional Squad
10,Captivating Bears,Profound Breakers
10,Impeccable Warriors,Striking Bears
10,Wonderful Penguins,Divine Renegades
10,Polished Tornadoes,Enchanting Elephants
10,Marvelous Gobstoppers,Exceptional Rockers
10,Delightful Tornadoes,Entrancing Debuggers
10,Impressive Athletes,Striking Tigers
10,Glorious Crocodiles,Exemplary Spinners
11,Shocking Athletes,Enchanting Elephants
11,Impressive Athletes,Impeccable Warriors
11,Wonderful Penguins,Polished Tornadoes
11,Exemplary Spinners,Striking Tigers
11,Glorious Crocodiles,Captivating Bears
11,Profound Breakers,Marvelous Gobstoppers
11,Entrancing Debuggers,Exceptional Rockers
11,Divine Renegades,Striking Bears
11,Delightful Tornadoes,Exceptional Squad
12,Polished Tornadoes,Exceptional Rockers
12,Divine Renegades,Captivating Bears
12,Wonderful Penguins,Enchanting Elephants
12,Delightful Tornadoes,Exemplary Spinners
12,Striking Tigers,Shocking Athletes
12,Marvelous Gobstoppers,Impressive Athletes
12,Exceptional Squad,Striking Bears
12,Glorious Crocodiles,Profound Breakers
12,Impeccable Warriors,Entrancing Debuggers
13,Striking Tigers,Captivating Bears
13,Exceptional Rockers,Entrancing Debuggers
13,Striking Bears,Wonderful Penguins
13,Enchanting Elephants,Impeccable Warriors
13,Delightful Tornadoes,Shocking Athletes
13,Profound Breakers,Divine Renegades
13,Impressive Athletes,Exceptional Squad
13,Glorious Crocodiles,Marvelous Gobstoppers
13,Exemplary Spinners,Polished Tornadoes
14,Profound Breakers,Entrancing Debuggers
14,Exceptional Squad,Captivating Bears
14,Divine Renegades,Glorious Crocodiles
14,Shocking Athletes,Striking Bears
14,Striking Tigers,Delightful Tornadoes
14,Enchanting Elephants,Exceptional Rockers
14,Impeccable Warriors,Wonderful Penguins
14,Impressive Athletes,Exemplary Spinners
14,Marvelous Gobstoppers,Polished Tornadoes
15,Impeccable Warriors,Captivating Bears
15,Profound Breakers,Enchanting Elephants
15,Striking Bears,Shocking Athletes
15,Glorious Crocodiles,Divine Renegades
15,Striking Tigers,Exceptional Rockers
15,Wonderful Penguins,Marvelous Gobstoppers
15,Exemplary Spinners,Entrancing Debuggers
15,Polished Tornadoes,Exceptional Squad
15,Delightful Tornadoes,Impressive Athletes
16,Shocking Athletes,Impressive Athletes
16,Captivating Bears,Wonderful Penguins
16,Exemplary Spinners,Enchanting Elephants
16,Impeccable Warriors,Entrancing Debuggers
16,Striking Tigers,Marvelous Gobstoppers
16,Striking Bears,Exceptional Squad
16,Profound Breakers,Polished Tornadoes
16,Divine Renegades,Exceptional Rockers
16,Glorious Crocodiles,Delightful Tornadoes
17,Marvelous Gobstoppers,Impeccable Warriors
17,Profound Breakers,Captivating Bears
17,Exceptional Rockers,Exemplary Spinners
17,Glorious Crocodiles,Enchanting Elephants
17,Entrancing Debuggers,Divine Renegades
17,Shocking Athletes,Wonderful Penguins
17,Striking Tigers,Polished Tornadoes
17,Impressive Athletes,Delightful Tornadoes
17,Striking Bears,Exceptional Squad
18,Enchanting Elephants,Delightful Tornadoes
18,Captivating Bears,Entrancing Debuggers
18,Shocking Athletes,Exemplary Spinners
18,Exceptional Squad,Marvelous Gobstoppers
18,Polished Tornadoes,Impressive Athletes
18,Wonderful Penguins,Exceptional Rockers
18,Glorious Crocodiles,Striking Bears
18,Profound Breakers,Striking Tigers
18,Impeccable Warriors,Divine Renegades
19,Entrancing Debuggers,Enchanting Elephants
19,Exceptional Rockers,Captivating Bears
19,Divine Renegades,Impressive Athletes
19,Wonderful Penguins,Exemplary Spinners
19,Delightful Tornadoes,Striking Bears
19,Striking Tigers,Impeccable Warriors
19,Shocking Athletes,Polished Tornadoes
19,Marvelous Gobstoppers,Profound Breakers
19,Glorious Crocodiles,Exceptional Squad
20,Polished Tornadoes,Exemplary Spinners
20,Exceptional Rockers,Glorious Crocodiles
20,Striking Bears,Divine Renegades
20,Delightful Tornadoes,Exceptional Squad
20,Wonderful Penguins,Impeccable Warriors
20,Marvelous Gobstoppers,Enchanting Elephants
20,Shocking Athletes,Profound Breakers
20,Entrancing Debuggers,Striking Tigers
20,Impressive Athletes,Captivating Bears
21,Striking Tigers,Glorious Crocodiles
21,Exceptional Rockers,Profound Breakers
21,Divine Renegades,Exceptional Squad
21,Striking Bears,Exemplary Spinners
21,Impeccable Warriors,Polished Tornadoes
21,Wonderful Penguins,Delightful Tornadoes
21,Captivating Bears,Shocking Athletes
21,Enchanting Elephants,Marvelous Gobstoppers
21,Entrancing Debuggers,Impressive Athletes
22,Marvelous Gobstoppers,Captivating Bears
22,Exceptional Rockers,Enchanting Elephants
22,Divine Renegades,Wonderful Penguins
22,Glorious Crocodiles,Impressive Athletes
22,Polished Tornadoes,Delightful Tornadoes
22,Striking Bears,Impeccable Warriors
22,Exemplary Spinners,Profound Breakers
22,Exceptional Squad,Entrancing Debuggers
22,Shocking Athletes,Striking Tigers
23,Marvelous Gobstoppers,Delightful Tornadoes
23,Exceptional Rockers,Shocking Athletes
23,Exceptional Squad,Divine Renegades
23,Entrancing Debuggers,Striking Bears
23,Impeccable Warriors,Exemplary Spinners
23,Striking Tigers,Wonderful Penguins
23,Enchanting Elephants,Profound Breakers
23,Polished Tornadoes,Captivating Bears
23,Impressive Athletes,Glorious Crocodiles
24,Exemplary Spinners,Impressive Athletes
24,Exceptional Squad,Profound Breakers
24,Divine Renegades,Polished Tornadoes
24,Entrancing Debuggers,Glorious Crocodiles
24,Captivating Bears,Striking Bears
24,Wonderful Penguins,Striking Tigers
24,Exceptional Rockers,Delightful Tornadoes
24,Shocking Athletes,Impeccable Warriors
24,Enchanting Elephants,Marvelous Gobstoppers
25,Exemplary Spinners,Polished Tornadoes
25,Wonderful Penguins,Exceptional Squad
25,Divine Renegades,Striking Tigers
25,Captivating Bears,Marvelous Gobstoppers
25,Entrancing Debuggers,Shocking Athletes
25,Impressive Athletes,Enchanting Elephants
25,Delightful Tornadoes,Exceptional Rockers
25,Profound Breakers,Impeccable Warriors
25,Glorious Crocodiles,Striking Bears
26,Delightful Tornadoes,Polished Tornadoes
26,Wonderful Penguins,Profound Breakers
26,Striking Bears,Impressive Athletes
26,Shocking Athletes,Exceptional Rockers
26,Enchanting Elephants,Captivating Bears
26,Marvelous Gobstoppers,Entrancing Debuggers
26,Glorious Crocodiles,Impeccable Warriors
26,Striking Tigers,Exceptional Squad
26,Exemplary Spinners,Divine Renegades
27,Polished Tornadoes,Striking Bears
27,Captivating Bears,Impeccable Warriors
27,Exceptional Rockers,Divine Renegades
27,Delightful Tornadoes,Profound Breakers
27,Exemplary Spinners,Shocking Athletes
27,Enchanting Elephants,Entrancing Debuggers
27,Marvelous Gobstoppers,Glorious Crocodiles
27,Impressive Athletes,Wonderful Penguins
27,Striking Tigers,Exceptional Squad
28,Striking Tigers,Impressive Athletes
28,Exceptional Rockers,Wonderful Penguins
28,Striking Bears,Profound Breakers
28,Delightful Tornadoes,Impeccable Warriors
28,Enchanting Elephants,Divine Renegades
28,Entrancing Debuggers,Exemplary Spinners
28,Exceptional Squad,Shocking Athletes
28,Marvelous Gobstoppers,Polished Tornadoes
28,Glorious Crocodiles,Captivating Bears
29,Marvelous Gobstoppers,Divine Renegades
29,Exceptional Rockers,Striking Tigers
29,Glorious Crocodiles,Exceptional Squad
29,Enchanting Elephants,Shocking Athletes
29,Impeccable Warriors,Impressive Athletes
29,Polished Tornadoes,Profound Breakers
29,Exemplary Spinners,Striking Bears
29,Delightful Tornadoes,Captivating Bears
29,Entrancing Debuggers,Wonderful Penguins
30,Exemplary Spinners,Captivating Bears
30,Exceptional Squad,Wonderful Penguins
30,Impressive Athletes,Marvelous Gobstoppers
30,Entrancing Debuggers,Polished Tornadoes
30,Impeccable Warriors,Divine Renegades
30,Enchanting Elephants,Striking Tigers
30,Striking Bears,Exceptional Rockers
30,Delightful Tornadoes,Glorious Crocodiles
30,Shocking Athletes,Profound Breakers
31,Delightful Tornadoes,Striking Tigers
31,Exceptional Squad,Exemplary Spinners
31,Wonderful Penguins,Captivating Bears
31,Divine Renegades,Entrancing Debuggers
31,Profound Breakers,Glorious Crocodiles
31,Exceptional Rockers,Impeccable Warriors
31,Polished Tornadoes,Shocking Athletes
31,Marvelous Gobstoppers,Striking Bears
31,Enchanting Elephants,Impressive Athletes
32,Shocking Athletes,Captivating Bears
32,Divine Renegades,Marvelous Gobstoppers
32,Wonderful Penguins,Glorious Crocodiles
32,Striking Bears,Polished Tornadoes
32,Impeccable Warriors,Enchanting Elephants
32,Entrancing Debuggers,Delightful Tornadoes
32,Impressive Athletes,Profound Breakers
32,Exemplary Spinners,Exceptional Squad
32,Striking Tigers,Exceptional Rockers
33,Striking Tigers,Divine Renegades
33,Captivating Bears,Exceptional Rockers
33,Impressive Athletes,Striking Bears
33,Glorious Crocodiles,Entrancing Debuggers
33,Enchanting Elephants,Polished Tornadoes
33,Exemplary Spinners,Wonderful Penguins
33,Marvelous Gobstoppers,Exceptional Squad
33,Profound Breakers,Shocking Athletes
33,Impeccable Warriors,Delightful Tornadoes
34,Profound Breakers,Exceptional Squad
34,Captivating Bears,Glorious Crocodiles
34,Shocking Athletes,Delightful Tornadoes
34,Striking Tigers,Striking Bears
34,Enchanting Elephants,Exemplary Spinners
34,Impeccable Warriors,Exceptional Rockers
34,Polished Tornadoes,Divine Renegades
34,Impressive Athletes,Entrancing Debuggers
34,Marvelous Gobstoppers,Wonderful Penguins
